campaign_id,campaign_name,channel,spend_30d,clicks_30d,impressions_30d,property_id,property_name,confidence
22904015735,1180 Avasa at 1604 PPC Aug 2025,SEARCH,10548.65,1245,25562,426692912,Avasa at 1604,exact
22083247158,1171 Camber Ridge MKT ppc LS,SEARCH,6876.28,2263,57883,445473253,Camber Ridge,exact
20970596774,1179 Cendana MKT search ppc,SEARCH,6526.3,1136,22629,424416990,Cendana District West,alias
23001123352,1177 Monteverde MKT ppc,SEARCH,5873.7,3730,71914,488649687,Monteverde,exact
8698294219,1102 - Belterra - MKT - Search,SEARCH,5041.98,742,21027,378388864,Belterra,exact
20663542938,1175 Grove at Clermont MKT PPC,SEARCH,4539.12,918,18305,411396458,The Grove at Clermont,alias
21598634281,1183 Trevesta Place MKT Responsive Search,SEARCH,4332.52,922,15860,453604813,Trevesta Place,exact
20590966684,1147 Highpark MKT ppc LS,SEARCH,4317.63,1270,21189,383911599,Highpark,exact
22845412734,1173 Avasa Grove West MKT July 2025,SEARCH,4152.78,1789,39210,408537081,Avasa Grove West,exact
22827057591,1172 Avasa Spring Branch MKT July 2025 LS,SEARCH,3809.06,571,10794,403700195,Avasa Spring Branch,exact
18654423494,1141 Canton Mill Lofts MKT PPC Search,SEARCH,3654.78,860,10825,378412775,Canton Mill Lofts,exact
22826571055,1137 Northbridge MKT July 2025 LS,SEARCH,3645.59,1629,37374,378701160,Northbridge at Millenia Lake,alias
22225158860,1123 CoHo RespsonIve Search MKT,SEARCH,3545.89,863,19801,378415300,CoHo,exact
20371341827,1132 San Palmilla MKT Responsive Search,SEARCH,3507.59,1340,21060,378698257,San Palmilla,exact
20727415809,1154 Stoneridge on the 8 MKT PPC,SEARCH,3461.55,571,10518,378703792,Stoneridge on the 8,exact
22826048539,1140 The Retreat MKT July 2025 LS,SEARCH,3294.04,818,16030,378675172,The Retreat,exact
21627773161,1100 Fairways MKT Responsive Search,SEARCH,3239.85,600,5823,378444042,Fairways at South Shore,alias
12122172208,1145 - Whitney - GOA Search,SEARCH,3227.95,591,13656,378701831,The Whitney,alias
18404073813,1144 The Harrison MKT Responsive Search LS,SEARCH,3105.15,956,18546,378702475,The Harrison,exact
23112431236,1070 Timber Mill MKT ppc,SEARCH,3072.96,1194,31675,378385211,Timber Mill,exact
20033534833,1075 Estancia MKT PPC,SEARCH,3025.2,696,17943,378432451,Estancia at Morningstar,alias
22808104214,1148 Lakeland MKT July 25,SEARCH,2991.8,1101,16107,378713160,The Retreat at Lakeland,alias
20041291906,1110 Gateway North MKT Responsive Search,SEARCH,2917.08,1018,15567,378703470,Gateway North,exact
21437314762,1088 Stonecreek MKT Responsive Search,SEARCH,2783.38,388,9036,378409482,Stonecreek Ranch,alias
22835688197,1164 Luma Headwaters MKT July 2025,SEARCH,2779.33,947,12641,383898543,Luma Headwaters,exact
22804406605,1128 Metro MKT search LS July 2025,SEARCH,2713.85,582,14506,378702557,The Metropolitan,alias
20514289642,1096 Apex MKT PPC,SEARCH,2673.81,864,19411,378403365,Apex West Midtown,alias
15568215116,1153 The Villages at Oakleaf MKT search,SEARCH,2623.92,412,5960,378702944,The Villages at Oakleaf,exact
18468459831,1163 Creekside MKT Search,SEARCH,2583.96,1363,19062,383887248,Creekside,exact
19739606300,1168 Steeplechase MKT Responsive Search,SEARCH,2473.87,1191,25048,383899747,Steeplechase,exact
21225200070,1130 - Preserve at Baywood - MKT PPC,SEARCH,2317.88,934,12438,378379334,Preserve at Baywood,exact
23234376215,1081 Tuscany MKT search new,SEARCH,2179.77,854,12978,378703985,Tuscany at Lindbergh,alias
21602170752,1142 Maddox MKT Responsive Search,SEARCH,2166.06,885,7525,378707080,The Maddox,alias
17818149560,1129 Villas Continental MKT PPC,SEARCH,2157.48,1920,15314,378700639,Villas Continental,exact
16391269583,1098 The Vinings MKT Search,SEARCH,2152.9,718,11029,378388378,Vinings,exact
20360157058,1138 Riverbend MKT Responsive Search,DISPLAY,2071.89,5418,106354,378381569,Riverbend,exact
22634872023,1139 Clearwater Farm MKT PPC AH June 2025,SEARCH,2039.92,921,15470,378405236,Clearwater Farm,exact
22594166564,1104 Ventana MKT ppc,SEARCH,2023.73,910,17869,378380644,Ventana,exact
22913209371,1071 Forest View MKT ppc Aug 2025,SEARCH,2007.39,1090,18082,378700663,Forest View,exact
23241368812,1109 Calais Midtown MKT new search,SEARCH,1970.28,642,13376,378381499,Calais Midtown,exact
7725766077,1068 - Villa Lago - MKT - GOA,SEARCH,1962.64,358,11478,378284749,Villa Lago,exact
20583432682,1065 Shadowbrooke MKT PPC,SEARCH,1927.68,313,9271,378695682,Shadowbrooke,exact
22361552537,1072 Champions Greens MKT Responsive Search,SEARCH,1892.7,915,7082,378404769,Champions Green,exact
22594225193,1126 Republic MKT PPC,SEARCH,1832.26,850,19821,378383339,Republic Park Vista,alias
19752939258,1169 Timberlane Village MKT Responsive Search,SEARCH,1799.56,1207,24245,383911613,Timberlane Village,exact
21594806552,1176 Avasa Hammock Landing MKT Responsive Search,SEARCH,1736.0,1184,10801,416886840,Avasa Hammock Landing,exact
17889144416,1162 The Anatole MKT ppc,SEARCH,1678.82,706,14216,378385381,The Anatole,exact
18662110000,1167 Mission Mayfield Downs MKT Search,SEARCH,1638.32,772,10247,378377712,Mission Mayfield Downs,exact
22375230461,1171 Camber Ridge MKT GOA from GBP,SMART,1621.36,1632,48872,445473253,Camber Ridge,exact
21133580337,1161-Keystone Performance Max PPC,PERFORMANCE_MAX,1615.75,845,140367,383791347,Keystone,exact
17633587886,1160 Luminary at 95  Mkt PPC Search,SEARCH,1591.69,472,7198,383898696,Luminary at 95,exact
22360833288,1182 Botanic MKT Responsive Search,SEARCH,1529.48,591,6590,453129717,Botanic Luxury,alias
8532512576,1124 Cobblestone- MKT -Search - All Beds #2,SEARCH,1528.53,434,7263,378412786,Cobblestone at Eagle Harbor,alias
21613228035,1118 Tree Park MKT Responsive Search,SEARCH,1490.9,460,5186,378726133,Tree Park,exact
22403298695,1146 Elation MKT 1 bedrooms,SEARCH,1455.29,618,7510,378381999,Elation at Grandway West,alias
17452487233,1106 Valencia MKT PPC Search,SEARCH,1424.76,297,2776,378724718,Valencia at Westchase,alias
22822313936,1069 St Andrews MKT July 2025 LS,SEARCH,1399.27,1568,18140,378657905,St. Andrews,exact
9571888445,1107 - Balmoral Village - MKT - Search - All Beds,SEARCH,1354.73,352,5293,378397296,Balmoral Village,exact
21587674994,1116 Coles Crossing  MKT PPC,SEARCH,1319.15,637,9958,378384243,Coles Crossing,exact
19244708629,1166 Bella Ruscello MKT PPC,SEARCH,1215.82,365,6601,378370331,Bella Ruscello,exact
141293393,1078 - Carlyle Place - MKT - All beds,SEARCH,1186.86,302,8154,378149021,Carlyle Place,exact
21140410538,1159- Tomoka Pointe Perfomance Max PPC,PERFORMANCE_MAX,1166.84,1887,17437,383876294,Tomoka Pointe,exact
21917040919,1181 Townhomes MKT Responsive Search,SEARCH,1161.98,340,5283,378710933,Villas at Newnan Crossing,alias
20713170218,1101 Zang MKT PPC,SEARCH,1091.78,382,9005,378304847,Zang Triangle,alias
20483300083,1077 Westover Oaks MKT Responsive Search,SEARCH,1073.26,262,5478,378389543,Westover Oaks,exact
22902593496,1143 Park on Wurzbach MKT Aug 2025,SEARCH,972.09,641,14237,378700447,Park on Wurzbach,exact
11750790404,1125 - West 46th - MKT - Search,SEARCH,948.36,474,9837,378733984,West 46th,exact
21518136126,1108 Phoenix MKT Responsive Search,SEARCH,823.09,252,5091,378402543,The Phoenix,alias
15294087345,1152 Cane Island MKT GMB,SMART,816.04,857,34046,378405224,Cane Island,exact
20321685113,1155 The Parker MKT PPC new,SEARCH,815.24,218,4004,378644177,The Parker,exact
22816399092,1082 Village Walk MKT July 2025 LS,SEARCH,769.96,500,6926,378697137,Village Walk,exact
22387470476,1173 Avasa Grove West Remarketing LS,DISPLAY,656.68,542,29616,408537081,Avasa Grove West,exact
22445725399,1155 The Parker MKT Remarketing LS,DISPLAY,653.34,661,21485,378644177,The Parker,exact
23266633853,1103 Newnan MKT,SEARCH,650.39,261,4203,378710933,Villas at Newnan Crossing,alias
21421809561,1096 Apex MKT Remarketing June 2024,DISPLAY,648.09,264,299431,378403365,Apex West Midtown,alias
18646986233,1147 Highpark MKT Remarketing AH June 2025,DISPLAY,647.0,769,23512,383911599,Highpark,exact
20554534788,1045 French Place MKT Responsive Search,SEARCH,643.11,295,7291,378380748,French Place,exact
21669502962,1066 Silverbrooke MKT Responsive Search,SEARCH,511.31,285,3689,378679398,Silverbrooke,exact
20517762652,1099 South Shore MKT Responsive Search,SEARCH,510.77,252,4647,378697354,South Shore Lakes,alias
22400468061,1171 Camber Ridge MKT youtube clubroom,DISPLAY,501.48,260,169047,445473253,Camber Ridge,exact
22876652364,1124 Cobblestone MKT remarketing Aug 2025,DISPLAY,491.19,819,39307,378412786,Cobblestone at Eagle Harbor,alias
22387412843,1172 Avasa Spring Branch MKT Remarketing LS,DISPLAY,486.65,297,223904,403700195,Avasa Spring Branch,exact
15296429247,1152 Cane Island MKT Remarketing,DISPLAY,448.89,2242,23691,378405224,Cane Island,exact
21187600699,1117 - Axial Buckhead - Performance Max PPC,PERFORMANCE_MAX,413.15,1095,10666,378379349,Axial Buckhead,exact
20577049883,1150 Boulevard at Lakeside MKT Search,SEARCH,366.88,372,6670,378382252,Boulevard at Lakeside,exact
22489078276,1137 Northbridge remarketing,DISPLAY,357.38,1873,214022,378701160,Northbridge at Millenia Lake,alias
22388760855,1181 Townhomes MKT remarketing,DISPLAY,338.56,11418,102050,378710933,Villas at Newnan Crossing,alias
20520922055,1063 College View MKT PPC,SEARCH,332.47,205,3504,378426727,College View,exact
13896970230,1116 - Coles Crossing - MKT - Remarketing2,DISPLAY,329.63,328,13166,378384243,Coles Crossing,exact
22434526449,1160 Luminary at 95 MKT2 Remarketing,DISPLAY,326.18,156,134900,383898696,Luminary at 95,exact
10022010689,1102 Belterra - MKT Remarketing AH June 2025,DISPLAY,325.64,862,215022,378388864,Belterra,exact
6461731399,1120 - Venue at Hometown - MKT - GMB,SMART,324.77,3073,139763,378396775,Venue at Hometown,exact
22474363584,1146 Elation MKT Remarketing LS April 2025,DISPLAY,324.58,158,147693,378381999,Elation at Grandway West,alias
15523319701,1133 Bradford Mill MKT Remarketing,DISPLAY,324.31,402,10250,378422088,Bradford Mills Lofts,alias
15593848298,1153 The Villages at Oakleaf MKT Remarketing,DISPLAY,321.5,1212,11028,378702944,The Villages at Oakleaf,exact
17702830967,1159 Tomoka Pointe MKT Remarketing,DISPLAY,301.04,172,5162,383876294,Tomoka Pointe,exact
23592921551,1177 Monteverde MKT youtube,DEMAND_GEN,300.15,1173,49426,488649687,Monteverde,exact
17565720364,1123 Coho MKT Remarketing,DISPLAY,281.07,1128,20014,378415300,CoHo,exact
22490485587,1150 Boulevard at Lakeside MKT Remarketing LS,DISPLAY,275.7,263,9172,378382252,Boulevard at Lakeside,exact
14957324615,1088 Stonecreek MKT Remarketing2,DISPLAY,275.03,945,14338,378409482,Stonecreek Ranch,alias
17936400940,1162 The Anatole MKT Remarketing,DISPLAY,274.72,858,19916,378385381,The Anatole,exact
14645589502,1148 Retreat at Lakeland MKT Remarketing,DISPLAY,205.17,490,7281,378713160,The Retreat at Lakeland,alias
