campaign_id,campaign_name,ad_group_id,ad_group_name,ad_id,ad_type,main_color,accent_color
1770000134,1062 - Preserve at Old Dowlen - MKT - GOA - Display,72619251487,Preserve at Old Dowlen - Display,342695573688,RESPONSIVE_DISPLAY_AD,#ff6600,#0094d5
11017656415,1124 - Cobblestone - MKT - remarketing,103340226930,1124 Cobblestone MKT remarketing,597846133897,RESPONSIVE_DISPLAY_AD,#14284b,#ff6600
9725286468,1100 Fairways MKT Remarketing 30 Days,106354088384,March Special 2020,427799966147,RESPONSIVE_DISPLAY_AD,#14284b,#ff6600
10840729119,1141 - Canton Mill Lofts - MKT - Remarketing,106424649346,Canton Mill Lofts Remarketing,586632368862,RESPONSIVE_DISPLAY_AD,#14284b,#ff6600
11026208633,1077 - Westover - MKT - Remarketing,107688866786,1070 - Westover - MKT - Remarketing,601204468515,RESPONSIVE_DISPLAY_AD,#14284b,#ff6600
13898441931,1146 Elation - MKT - Remarketing,125596431595,katy apts,533706176366,RESPONSIVE_DISPLAY_AD,#14284b,#ff6600
14601153720,1107 Balmoral Village MKT Remarketing,127792388620,Peachtree City Apts,544851971676,RESPONSIVE_DISPLAY_AD,#14284b,#ff6600
15551194512,1065 Shadowbrooke MKT Remarketing,127921720021,All bedrooms,569208597546,RESPONSIVE_DISPLAY_AD,#14284b,#ff6600
14646908104,1144 The Harrison MKT Remarketing,127989505595,Sandy Springs Apts,545750813014,RESPONSIVE_DISPLAY_AD,#14284b,#ff6600
13967079557,1113 Grand Harbor MKT Remarketing,128024003194,grand harbor katy,534639191967,RESPONSIVE_DISPLAY_AD,#14284b,#ff6600
15640976605,1155 The Parker MKT Remarketing,128716340542,All Beds,570839794980,RESPONSIVE_DISPLAY_AD,#14284b,#ff6600
15523809745,1079 Carrington MKT Remarketing,128815746417,All Beds,568271396832,RESPONSIVE_DISPLAY_AD,#14284b,#ff6600
14957324615,1088 Stonecreek MKT Remarketing2,128863589255,austin apts,553248202049,RESPONSIVE_DISPLAY_AD,#14284b,#ff6600
14645589502,1148 Retreat at Lakeland MKT Remarketing,128870586684,Lakeland Apts,545650839573,RESPONSIVE_DISPLAY_AD,#14284b,#ff6600
16391557082,1132 San Palmilla MKT remarketing,128963995890,All beds,583958958900,RESPONSIVE_DISPLAY_AD,#14284b,#ff6600
15520317291,1078 Carlyle Place MKT Remarketing 2021,129335374445,All Beds,568260322530,RESPONSIVE_DISPLAY_AD,#14284b,#ff6600
14392954015,1063 - College View - MKT - remarketing,129925998161,90 day remarketing audience,541162811749,RESPONSIVE_DISPLAY_AD,#14284b,#ff6600
14657761156,1126 Republic MKT Remarketing,130140223911,Ft Worth Apts,546042654175,RESPONSIVE_DISPLAY_AD,#14284b,#ff6600
14954279431,1130 Preserve at Baywood MKT Remarketing,130145198844,pasadena,553233259403,RESPONSIVE_DISPLAY_AD,#14284b,#ff6600
15527957990,1119 District MKT Remarketing,130409424425,All Beds,568451212280,RESPONSIVE_DISPLAY_AD,#14284b,#ff6600
15846224835,1099 South Shore Lakes MKT Remarketing,130479032045,All Beds,574407079846,RESPONSIVE_DISPLAY_AD,#14284b,#ff6600
15233836304,1151 Anatole at Norman MKT Remarketing,130526066598,Norman Apts,560592700965,RESPONSIVE_DISPLAY_AD,#14284b,#ff6600
15296429247,1152 Cane Island MKT Remarketing,130671376980,"2, 3, 4 beds",562554485741,RESPONSIVE_DISPLAY_AD,#14284b,#ff6600
13964611834,1145 Whitney MKT Remarketing LS,130694574611,the whitney remarketing,534643897167,RESPONSIVE_DISPLAY_AD,#14284b,#ff5500
15527767616,1139 Clearwater Farm MKT Remarketing,131326693615,All beds,568443500381,RESPONSIVE_DISPLAY_AD,#14284b,#ff6600
15523319701,1133 Bradford Mill MKT Remarketing,131485103752,All Beds,568316392963,RESPONSIVE_DISPLAY_AD,#14284b,#ff6600
15593848298,1153 The Villages at Oakleaf MKT Remarketing,131577289336,All Bedrooms,570039808780,RESPONSIVE_DISPLAY_AD,#14284b,#ff6600
15527154644,1072 Champions Green MKT Recruiting,131745075115,All Beds,568280994186,RESPONSIVE_DISPLAY_AD,#14284b,#ff6600
15450754245,1098 The Vinings MKT Remarketing,131803121698,1 and 2 beds vinings,566194138059,RESPONSIVE_DISPLAY_AD,#14284b,#ff6600
16009319484,1081 Tuscany MKT Remarketing,131923821839,All Beds,578242397457,RESPONSIVE_DISPLAY_AD,#14284b,#ff6600
15519941733,1096 Apex MKT Remarketing,132393209753,All beds,568375156442,RESPONSIVE_DISPLAY_AD,#14284b,#ff6600
15517496874,1154 Stoneridge on the 8 MKT Remarketing,132633810604,All Beds,568269033358,RESPONSIVE_DISPLAY_AD,#ff6600,#14284b
15591836098,1150 Boulevard at Lakeside MKT Remarketing,132850898362,All beds,570120300677,RESPONSIVE_DISPLAY_AD,#14284b,#ff6600
14866687601,1127 Citrus Run - MKT - Remarketing2,133608488088,Tampa Fl Apts,551153735997,RESPONSIVE_DISPLAY_AD,#14284b,#ff6600
14582654770,1068 Villa Lago MKT Remarketing,133773078704,Ft Worth Apts,544615855390,RESPONSIVE_DISPLAY_AD,#14284b,#ff6600
15522782305,1117 Axial MKT Remarketing updated,133955236234,All beds,568302423481,RESPONSIVE_DISPLAY_AD,#14284b,#ff6600
16257574935,1138 Riverbend MKT Remarketingnew,135169647044,All Beds,582814221528,RESPONSIVE_DISPLAY_AD,#14284b,#ff6600
14953653831,1128 Metro MKT Remarketing,135252673424,Louisville,553244512703,RESPONSIVE_DISPLAY_AD,#14284b,#ff6600
15709419786,1111 The Links at Windsor MKT search,135282507567,All Beds,573139501108,RESPONSIVE_DISPLAY_AD,#14284b,#ff6600
15143064929,1110 Gateway - MKT - Remarketing,136029886944,Clearwater Apts,558279792380,RESPONSIVE_DISPLAY_AD,#14284b,#ff6600
16081502049,1143 Park on Wurzbach MKT Remarketing,136500410521,All Beds,579836399167,RESPONSIVE_DISPLAY_AD,#14284b,#ff6600
17565720364,1123 Coho MKT Remarketing,136830519286,2 Bed THs,605895989189,RESPONSIVE_DISPLAY_AD,#14284b,#ff6600
17252687439,1140- The Retreat - MKT Responsive PPC,137269310077,All bedrooms,601225113081,RESPONSIVE_DISPLAY_AD,#14284b,#ff6600
17702830967,1159 Tomoka Pointe MKT Remarketing,138251278443,All Beds,609300997127,RESPONSIVE_DISPLAY_AD,#14284b,#ff6600
17686353279,1160 Luminary at 95 MKT Remarketing,139345877500,All Beds,609148833755,RESPONSIVE_DISPLAY_AD,#14284b,#ff6600
17809080462,1107 Balmoral Village MKT Remarketing 2022,139740099752,All Beds,611745507242,RESPONSIVE_DISPLAY_AD,#14284b,#ff6600
17810652470,1161 Keystone MKT Remarketing,139896378700,All Beds,611422769649,RESPONSIVE_DISPLAY_AD,#14284b,#ff6600
17252687439,1140- The Retreat - MKT Responsive PPC,140310046961,Ad group 1,598012299114,RESPONSIVE_DISPLAY_AD,#14284b,#ff6600
17823322715,1129 Villas Continental MKT Remarketing,140627518073,All Beds,611873515913,RESPONSIVE_DISPLAY_AD,#14284b,#ff6600
17936400940,1162 The Anatole MKT Remarketing,140640517598,All Beds,614517925382,RESPONSIVE_DISPLAY_AD,#14284b,#ff6600
17253778255,1141 - Canton Mills Lofts- Mkt- Remarketing,142427751051,All beds,597988563573,RESPONSIVE_DISPLAY_AD,#14284b,#ff6600
17449107726,1125 West 46th - Remarketing,142805215412,All Beds,603071842721,RESPONSIVE_DISPLAY_AD,#14284b,#ff6600
18012662556,1107 Balmoral Mkt Remarketing New,142810539809,All Beds,616046156342,RESPONSIVE_DISPLAY_AD,#14284b,#ff6600
18673835450,1078 Carlyle Place MKT Remarketing Oct2022,143137136056,All Beds Responsive,629834411262,RESPONSIVE_DISPLAY_AD,#14284b,#0094d5
18646986233,1147 Highpark MKT Remarketing AH June 2025,143387823835,All Beds,629257338418,RESPONSIVE_DISPLAY_AD,#4d2e17,#c2842b
18784186466,1164 Luma headwaters MKT Remarketing,144137786778,All Beds,632080410377,RESPONSIVE_DISPLAY_AD,#14284b,#ff6600
21432094204,1145 Whitney MKT Remarketing,165497670913,All Beds,704472502952,RESPONSIVE_DISPLAY_AD,#124a86,#ff6600
21421809561,1096 Apex MKT Remarketing June 2024,167691917401,All Beds,704370553323,RESPONSIVE_DISPLAY_AD,#005c86,#ff6600
10022010689,1102 Belterra - MKT Remarketing AH June 2025,184355015911,All Beds,760264982308,RESPONSIVE_DISPLAY_AD,#b9a873,#e9e3d3
