ga4_key,event_count
venterraliving.com,737369
thedeltapearland.com,80422
camberridgeapartments.com,71113
cendanalife.com,18044
monteverdesatx.com,2111
ventlanding.wpenginepowered.com,126
botaniclux.wpenginepowered.com,119
botanicluxuryapartments.com,74
whatscomingtotyler.com,19
venterrarp7cloneforcustomplan.flywheelstaging.com,15
www.googleadservices.com,13
venterra-venterra-living-rentpress-7-clone.local,9
thebotanicluxuryapartments.com,4
camberridge2.wpenginepowered.com,4
monteverde2.wpenginepowered.com,3
